"site.plot","ACMI","AGGI","ANCA","ANMA","ANVI","ANCA.1","ASSY","BRIN","CAREX","CENI","CIAR","CLVIR","COST","DACA","DIAR","ECVU","EQAR","ERAN","FAGR","FERN","FRVI","GEUR","HIVU","HYPE","INHE","LEVU","LIVUL","LOCAN","LOCO","LOPE","LYAM","MEAL","MELU","MEPI","MOFI","OXST","PHAR","PHPR","PIST","PLLA","POAL","POPR","PORE","RAAC","RHCA","ROMU","RUHI","RULA","RUOC","SEVA","SOARV","SOSP","STME","SYCO","SYER","SYLA","SYNO","TAOF","TORA","TRHY","TRPRA","VAOF","VEOF","VETH","VICR","VIRI","VIRO"
1.1,0,0,3,0,0,0,0,2,0,0,0,0,60,0.25,0,0,0,0,0,0,0.5,0,0,0,0,0,0,0,0,0,0.25,0,0,0,0,0,0,0,0,0,0,1,0,0,50,0,0,0,0,0,0,15,0,0,0,1,0,5,0,0,0,1.25,0,0,1,5,1
1.11,0,0,0,0,0,0,0,0.5,0,0,0,0,0,5,0,0,0,0,0,0,2,0,0,0,0,0,0,0,0,0,0,0,0,0,0,0,0,5,0,0,0,0.5,0,0,0,0,0,0,0,0,0,25,0,0,0,3,0.25,0,0,0,0,2.5,0,0,10,0,0.25
1.12,0,0,0,0,0,0,0.25,0.5,0,0,0,0,60,0,0,0,0,0,5,0,0,0.5,0,0.25,0,0,0,0,0,0,0,0,0,0,0,0,0,5,0,0,0,0.5,0,0.5,0,0,0,0,0,0,0,5,0,0,0,2.5,0,0,0,0,0,7.5,0,0,0.5,0,0
1.13,0,0,50,0,0,0,0,0,0,0,0,0,40,1,0,0,0,0,4,0,0,0,0,0.25,0,0,0,0,0,0,0,0,0.25,0,0,0,0,1,0,0,0,0,0,0,0,0,0,0,0,0,0,2,0,0,0,0,0.5,0.25,0,0,0,2.5,0,0,5,0,1
1.14,0,0,0.5,0,0,0,0,5,0,0,2,0,2.5,0.5,0,0,0,0,0.25,0,0,0,0,0,0,2.5,0,0,0,0,0,0,0.5,0.5,0,0,0,5,0,0,0,0.5,0,2,0.25,0,0,0,0,0,0.25,5,0,0,0,5,0,0.5,0,0,0,0,0,0,5,0,2
1.15,0,0,30,0,0,0,0,0,0,0,0,0,2.5,0,0,0,0,0,0,0,0,0,0,0,0,0,0,0,0,0,0,0,0,0,0,0,5,5,0,0,0,0,0,1,0,0,0,0,0,0,0,5,0,0,0,10,1,0,0,0,0,0,0,0,0.5,0,5
1.16,0,0,0,0,0,0,1,0,5,0,0,0,0,1,0,0,0,0,0,0,0.75,0,0,0,30,0,0,0,0,0,0,0,0.5,0,0,0,0,5,0,0,0,5,0,0.25,0,0,0,0,0,0,0,5,0,0,0,1,5,0,0,0,0,0,0,0,7.5,0,0.25
1.17,0,0,0,0,0,0,0.25,0,1,0,0,0,0,0,0,0,0.25,0,1,0,0.5,0,0,0,0,0,0,0,0,0,0,0,0,0,0,0,0,2,0,0,0,0,0,0.25,0,0,0,0,0,0,0,15,0,0,1,0.5,0.25,0,0,0,0,2.5,0,0,15,15,0
1.18,0,0,15,0,0,0,0,0,0,0,0,0,50,0.75,0,0,0,0,0,0,0,0,0,0.25,0,0.25,0,0,0,0,0.25,0,1,0,0,0,0,0,0,0,0,0.5,0,0,0.25,0,0,0,0,0,0.5,0,0,0,0,0.5,0,0.25,0,0,0,2.5,0,0,2,0,0
1.2,0,0,0,0,0,0,0,30,0.5,0,1,0,0,15.5,0,0,0,0,5,0,0,0,0,2.75,0,2.5,0,0,0,0,0,0,0.75,0,0,0,0,6,0,0,0,1.5,0,0,0,0,0,0,0,0,0,45,0,0,0.25,16,0,1.25,0,0,1,0,1,0,11,1,5.5
1.21,0,0,1,0,0,0,0,0,0.25,0,0,0,0.25,0,0,0,0,0,0,0,2,0,0,0,0,0,0,0,0,0,0,0,0.5,0,0,0,0,0,0,0.25,0,0,0,1,0,0,0,0,0,0,0,25,0,0,0.5,0.25,0,0,0,0,0,0,0,0,7,0,5
1.22,0,0,0,0,0,0,1.5,0,0,0,7,0,0,0,0,0,0,0,0,0,2,0,0,0,3,0.25,0,0,0,0,0,0,0.25,0,0,0,0,0.5,0,0,0,0.5,0,1,0,0,0,0,0,0,0,3,0,0,0,0,2,0,0,0,0,0,0,0,0,0,0.5
1.23,0,0,70,0,0,0,0,0,1,0,0,0,0,0,0,0,0,0,0,0,0.54,0,0,0,0,2,0,0,0,0,0,0,0.25,0,0,0,0,0.5,0,0,0,0.5,0,0.5,0,0,0,0,0,0,0,7.5,0,0,0,2,0,1,0,0,0,0,0,0,5,0,0.5
1.24,0.75,0,2,0,0,0,0,0,0,0,0,0,0,0.25,0,0,0,1,0,0,1,0,0,0.25,0,1,0,0,0,0,0,0,0,0,0,0,0,0.25,0,2,0,0.5,0.5,0,0,0,0,0,0,0,0,15,0,0,5,1,0.5,1,0,0,0,0,0,0,7,0.25,20
1.3,0,0,0,0,0,0,0,45,0.5,0,0,0,0,0,0,0,0,0,0,0,0,0,0,1,0,0.5,0,0,0,0,0,0,0,0,0,0,0,0.5,0,0,0,0.25,0,0,0,0,0,0,0,0,0,7,0,0,0,2,0,0.5,0,0,0,0,0,0,15,3,5
1.4,0,0,0.25,0,0,0,0,0,0,0,0.25,0,0,0.25,0,0,0.25,0,0,0,0,0,0,0,0,0.25,0,0,0,7,0,0,0.75,0,0,0,0,0,2,0,0,0,0,0,0,0,0,0,0,0,0,5,0,0,0.25,1,0,1,0,0,20,3,0,0,20,0,5
1.5,0,0,35,0,0,0,0,3,0,0,0.25,0,0,0.75,0,0,0,0,0,0,0,0,0,0,0,0,0,0,0,0,0,0,0.25,0,0,0,0,0,0,0.5,0,0.25,0,0.25,0,0,0,0,0,0,0,0,0,0,1,0,2,0,0,0,0,0,0,0,0.25,0,0.5
1.6,0,0,0,0,0,0,1.5,5,1.5,0,0,0,0,0.75,0,0,0,0,0,0,1,0,0,0,0,0,0,0,0,0,0,0.25,0.25,2.5,0,0,0,10,0,0,0,0,0,0,2.5,0,0,0,0,0,0,25,0,0,0,0,0,0.5,0,0,0,2,0,0,20,0,15
1.7,0,0,0,0,0,0,0,0,0,0,0.25,0,0,1,0,0,0,0,0,0,1,0,0,0,0,0,0,0,0,0,0,1,0.25,0,0,0,0,7.5,0,0,0,1,0,0.25,0,0,0,0,0,0,0,15,0,0,0,5,1,0.5,0,0,0,0,0,0,5,0,2.5
1.8,0,0,0,0,0,0,0,5,0,0,0,0,40,0,0,0,0,0,0,0,0,0,0,0.5,0,0,0,0,0,0,0,0,0,0,1,0,0,1,0,0,0,1,0,0.5,0.5,0,0,0,0,0,0.5,10,0,0,0,1,0.25,0.5,0,0,0,2,0,0,7.5,5,1
1.9,0,0,0,0,0,0,5,0,0.5,0,0.5,0,40,2.5,0,0,0,0,2.5,0,0,0,0,0.25,0,0,0,0,0,0,1,0,0.25,0,0,0,0,2.5,0,0,0,0,0,0.25,1,0,0,0,0,0,0,7.5,0,0,1,1,0,1,0,0,0,5,0,0,10,0,1
2.1,0,0,0,0,0,0,3,0,0,0,12.5,0,0,0,0,0,0,0,0,0,0,0,0,0,0,0,0,0,0,0,0,0,0,0,0,0,0,10,0,0,0,5.5,0,0,0,0,0,0,0.5,0,0,25,0,0,0,1,0,2,0,0,0,0,0,0,40,0,0.75
2.11,0,0,0,0,0,0,1.5,0,0,0,0,0,0,0,0,0,0,0,0,0,0,0,0,0,0,0,0,0,0,1,0,0,0,0,0,0,0,0,0,0,0,1,0,0,0,0,0,0,0,0,0,2,0,0,0.5,0,0,0,0,0,0,0.25,0,0,15,7.5,50
2.12,0,0,0,0,0,0,1,0,0,0,0.5,0,0,0,0,0,0,0,0,0,0,0,0,0,0,0,0,0,0,0,0,0,0,0,0,0,0,0,0,0,0,5,0,0,0,0,0,0,0,0,0,0,0,0,0.5,0,0,0,0,0.75,0,0,0,0,20,0,50
2.13,0,0,0,0,0,0,1,15,0,0,0.25,0,0,0,0,0,0,0,0,0,0,0,0,0,0,0,0,0,0,0,0,0,0,0,0,0,0,0,0,0,0,7.5,0,0,0,0,0,0,0,0,0,5,0,0,0,1,0,0,0,0,0,0,0,0,25,0,2
2.14,0,5,0,0,0,0,2.5,0,0,0,0,0,0,0,0,0,0,0,0,0,0,0,0,0,0,0,0,0,0,0,0,0,0.25,0,0,0,2.5,0,0,0,0,5,1,0,0,0,0,0,0,0,0,20,0,0,0,1,0,0.5,0,0,0,5,0,0,25,0,30
2.15,0,0,0,0,0,0,0,20,0,0,7.5,0,0,0,0,0,0,0,0,0,0,0,0,0,0,0,0,0,0,0,0,0,0,0,0,0,0,20,0,0,0,0,0,0,0.5,0,0,0,0.25,0,0,5,0,0,0,0,0,0,0,0,0,0,0,0,15,0,0.25
2.16,0,0,0,0,0,0,2,0,0.5,0,0,0,0,0,0,0,0,0,0,0,0,0,0,0,0,0,0,0,0,0,0,0,0,0,0,0,0,0.5,0,0,0,0,0,0,0,0,0,0,0,0,0,0,0,0,0.25,0,0,1,0,0,0,0,0,0,15,0,2
2.17,0,0,0,0,0,0,0.5,0,0,0,0.25,0,0,0,0,0,0,0,0,0,0,0,0,0,0,0,0,0,0,0,0,0,0,0,0,0,0,0,0,0,0,60,0,0,0,0,0,0,0,0,0,0,0,0,0,0,0,0,0,0,0,0,0,0,20,5,0.5
2.18,0,0,0,0,0,0,0,0,0,0,1,0,0,0,0,0,0,0,0,0,0,0,0,0,0,0,0.25,0,0,0,0,0,0,0,0,0,0,0.25,0,0,0,0.25,0,0,0,0,0,0,0,0,0,10,0,0,0,0,5,0,0,0,0,0,0,0,20,0,0
2.19,0,0,0,0,0,0,1,0,0,0,0,0,0,0,0,0,0,0,0,0,0,0,0,0,0,0,0,0,0,0,0,0,0,0,0,0,0,0.25,0,0,0,0,0,0,0,0,0,0,0,0,0,3,0,0,0,0,0,0,0,0,0,3,0,0,50,0,0
2.2,0,0,0,0,0,0,0,35,0,0,15,0,0,0,0,0,0,0,0,0,0,0,0,5,0,0,0,0,0,0,0,0,0,0,0,0,0,0.25,0,0,0,20.25,0,0,0,0,0,0,0,0,0,15,0,0,0,0,15,0,0,0.5,0,0,0,0,50,0,40
2.21,0,0,0,0,0,0,10,60,0,0,0,0,0,0,0,0,0,0,0,0,0,0,0,0,0,0,0,0,0,0,0,0,0,0,0,0,0,0,0,0,0,1,0,0,0,0,0,0,0,0,0,0,0,0,0,0,0,0,0,0,0,0,0,0,10,0,2
2.22,0,0,0,0,0,0,15,0,0,0,0,0,0,0,0,0,0,0,0,0,0,0,0,0,0,0,0,0,0,0,0,0,0,0,0,0,0,30,0,0,0,1,0,0,0,0,0,0,0,0,0,2.5,0,0,0,2,0,0,0,0,0,1,0,0,7.5,0,0
2.23,0,0,0,0,0,0,0.25,40,0,0,0,0,25,0,0,0,0,0,0,0,0,0,0,0,0,0,0,0,0,0,0,0,0,0,0,0,0,0,0,0,0,0,0,0,0,0,0,0,0,0,0,20,0,0,0,0,0,0,0,0,0,0,0,0,0,10,0
2.25,0,0,0,0,0,0,2,1,0,0,0.5,0,1,0,0,0,0,0,0,0,0,0,0,0,0,0,0,0,0,0,0,0,0,0,0,0,0,2.5,0,0,0,2,0,0.25,0,0,0,0,0,0,0,10,0,0,0,1,25,0,0,0,0,0.25,0,0,10,0,0
2.3,0,0,0,0,0,0,2,0,0,0,1,0,0,0,0,0,0,0,0,0,0,0,0,0,0,0,0,0,0,0,0,0,0,0,0,0,0,0.75,0,0,0,0,1,0,0,0,0,0,0,0,0,0,0,0,0,0,0.5,0,0,0,0,0,0,0,25,10,7.5
2.4,0,0,0,0,0,0,0,30,0,0,0,0,0,0,0,0,0,0,0,0,0,0,0,0,0,0,0,0,0,0,0,0,0,0,0,0,0,0.5,0,0,0,0.25,0,0,0,0,0,0,0,0,0,15,0,0,0,0,0,0,0,0,0,3,0,0,75,0,0
2.5,0,0,0,0,0,0,7,0,0.5,0,10,0,0,0,0,0,0,0,0,0,0,0,0,0,0,0,0,0,0,0,0,0,0,0,0,0,0,15,0,0,0,0,0,0,0,0,0,0,0,0,0,15,0,0,0,0,0,0,0,0,0,2.5,0,0,45,0,0.25
2.6,0,0,0,0,0,0,2.5,10,0,0,0,0,0,0,0,0,0,0,0,0,0,0,0,0,0,0,0,0,0,0,0,0,0,0,0,0,0,0,0,0,0,7.5,0,0,0,0,0,0,0,0,0,0,0,0,0,5,0,0,0,0,0,0,0,0,10,0,1
2.7,0,0,0,0,0,0,0,0,0,0,0,0,0,0,0,0,0,0,0,0,0,0,0,0,0,0,0,0,0,0,0,0,0,0,0,0,0,0,0,0,0,35,0,0,0,0,0,0,0,0,0,5,0,0,0,0.5,0,0,0,0,0,0,0,0,40,0.25,1
2.8,0,0,0,0,0,0,1,0,0,0,0,0,0,0,0,0,0,0,0,0,0,0,0,0,0,0,0,0,0,0,0,0,0,0,0,0,0,15,0,0,0,0,0,0,0,0,0,0,0,0,0,0,0,0,0,0,0,2.5,0,0,0,0,0,0,35,15,20
2.9,0,0,0,0,0,0,0,35,0,0,0,0,0,0,0,0,0,0,0,0,0,0,0,0,0,0,0,0,0,0,0,0,0,0,0,0,0,35,0,0,0,5,0,0,0,0,0,0,0,0,0,0,0,0,0,0,0,0,0,0,0,0,0,0,25,0,0
3.1,0,1,0,0,0,0,0,0.5,1,0,0,0,0,0.25,0,0,0.75,0,0,0,0,0,0,0,0,0,0,0,0,0,0,0,0,0,0,0,0,2.5,0,0,0,1,0,0,0,0,0,0,0,0,0,25,0,0,0,0.75,0,0,0,0,0,1.5,0,0,2.5,0,65
3.12,0,0,2,0,0,0,0.5,0,0,0,0,0,0,0,0,0,0.5,0,0.25,0,0.5,0,0,1,0,0,0,0,0,0,0,0,0,0,0,0.5,0,0,0,0,0,0,0,0,0,0,0,0,0,0,0,15,0,0,0,5,0,5,0,0,0,0.5,0,0,1,2,15
3.13,0,0,0,0,0,0,0,0,0.25,0,0,0,0,0,0,0,0.5,0,0,0,0,0,0,0,0,0,0,0,0,0,0,0,0,0,0,0,0,2,0,0,0,0,0,0,0,0,0,0,0,0,0,5,0,0,0,5,2,0,0,0.5,0,0,0,0,5,0,10
3.14,0,0,0,0,0,0,0,0,0,0,0,0,0,0,0,0,1,0,2.5,0,0,0,0,0,0,0,0,0,0,0,0,0,0,0,0,0,0,0.5,0,0,0,1,0,0,0,0,0,0,0,0,0,5,0,0,0,5,7.5,0,0,0,0,0,0,0,5,0,50
3.15,0,0,0,0,0,0,0.25,0,0,0,0,0,0,0,0,0,0,0,2.5,0,0,0,0,0.5,0,0,0,0,0,0,0,0,0.5,0,0,0,0,0.5,0,0,0,1,0,0,0,0,0,0,0,0,0,0,0,0,0,7.5,0,1,0,0,0,1,0,0,2,0,70
3.2,0,0,0,0,0,0,2.5,0,0,0,0,0,0,0,0,0,1,0,2,0,0,0,0,0,0,0,0,0,0,0,0,0,0,0.5,0,0,0,5,0,0,0,0,0,0,0,0,0,0,0,0,0,0,0,0,0,1,0.5,0,0,0,0,0,0,0,2,0,70
3.3,0,0,0,0,0,0,0,1,0,0,0,0,0,0,0,0,2,0,15,0,0,0,0,0,0,0,0,0,0,0,0,0,0,0,0,0,0,0,0,0,0,0.5,0,0,0,0,0,0,0,0,0,5,0,0,0,7.5,0,0,0,0,0,0,0,0,5,0,80
3.4,0,2,0,0,0,0,2.5,2,0,0,0,0,0,0,0,0,0.75,0,5,0,0,0,0,0,0,0,0,0,0,0,0,0,0,0,0,0,0,2,0,0,0,0,0,0,0,0,0,0,0,0,0,0,0,0,0,7.5,1,0,0,0,0,0,0,0,2,0,90
3.5,0,0,0,0,0,0,0,25,0,0,0,0,0,0,0,0,0,0,0,0,0,0,0,0,0,0,0,0,0,0,0,0,0,0,0,0,0,0,0,0,0,5,0,0,0,0,0,0,0,0,0,0,0,0,0,2.5,0,0,0,0,0,0,0,0,0.5,0,35
4.1,0,0,0,0,0,0,0,40,0,0,1,0,0,7,0,0,0,0,0,0,0,2,0,0,0,0,0,0,0,0,0,0,0,0,3,0,0,0,0,0,0,5,0,0,0,0,0,0,0,0,0,30,0,0,5,0,0,0.25,0,0,0,0,0,0,45,0,85
4.11,0,0,0,0,0,0,0,75,0,0,1,0,0,0,0,0,0,0,0,0,0,0,0,0,0,0,0,0,0,0,0,0,0,0,0,0,0,0,0,0,0,0,0,0,0,0,0,0,0,0,0.75,10,0,0,0,0.75,0,0,0,0,0,0,0,0,20,0,10
4.12,0,0,0,0,0,0,0,10,0,0,0,0,0,0.5,0,0,0,0,0,0,0,0,0,0,5,0,0,30,0,0,0,0,0,0,0,0,0,0,0,0,0,1,0,0,0,0,0,0,0,0,0,25,0,0,0,0,0,0,0,0,0,0,0,0,7,0,60
4.13,0,0,0,0,0,0,0,20,0,0,1,0,0,0.5,0,0,0,0,0,0,0,0,0,0,5,0,2.5,0,0,0,0,0,0,0,0,0,0,0,0,0,0,1,0,0,0,0,0,0,0,0,0,0,0,0,0,0,0,0.25,0,0,0,0.25,0,0,25,0,80
4.14,0,0,0,0,0,0,7,25,0,0,1,0,0,0,0,0,0,0,0,0,0,0,0,0,0,0,0.25,0,0,0,0,0,0,0,0,0,0,0,0,0,0,1,0,0,0,0,0,0,0,0,0,0,0,0,0,0,0,0,0,0,0,0,0,0,10,0,75
4.15,0,0,0,0,0,0,0,0,1,0,0,0,0,0,0,0,0,0,0,0,5,0,0.5,0,0,0,0,0,0,0,0,0,0,0,0,0,0,0.5,0,0,0,0.5,0,0,0,0,0,0,0,0,0,25,0.5,0,2.5,0,1,1,0,0,0,0,0,0,0,0,80
4.16,0,0,0,0,0,0,7,15,0.75,0,0.25,0,0,0,0,0,0,0,0,0,0,0,0,0,35,0,0,0,0,0,0,0,0,0,0,0,0,0,0,0,0,5,0,0,0,0,0,0,0,0,0,0,0,0,0,5,0,0,0,0,0,0,0,0,15,0,15
4.17,0,0,0,0,0,0,0.5,30,0,0,0.5,0,0,1,0,0,0,0,0,0,0,0,0,0,2,0,0,0,0,0,0,0,0,0,0,0,0,5,0,0,0,0,0,0,0,0,0,0,0,0,0,5,0,0,0,2,0,0,0,0,0,0,0,0,20,0,35
4.18,0,0,0,0,0,0,0.5,20,0,0,0,0,0,0.25,0,0,0,0,0,0,5,0.5,0,0.25,20,0,0,0,0,0,0,0,0,0,0,0,0,0,0,0,0,0.25,0,0,0,0,0,0,0,0,0,10,0,0,0,0,0,0,0,0,0,0,0,0,7,0,30
4.19,0,0,0,0,0,0,1,10,0,0,0,0,0,2,0,0,0,0,2,0,2.5,0,0,0.25,0,0,0,0,0,0,0,0,0.25,0,0,0,0,2.5,0,0,0,0,0,0,0,0,0,0,0,0,0,25,0,0,15,0,0.5,0,0,0,0,0.25,0,0,0,0,25
4.2,0,0,0,0,0,0,4,15,0,0,0,0,0,2.5,0,0,0,0,0,0,0,2,0,0,0,0,0.25,0,0,0,0,0,0,0,0,0,0,0.25,0,0,0,7.5,2.5,0,0,0,0,0,0,0,0,90,0,0,0.5,0.5,0,0,0,0,0,5,0,0,42,0,90
4.21,0,0,0,0,0,0,2.5,0,0,0,1,0,0,0,0,0,0,0,0,0,0,0,0,0,15,0,0,0,0,0,0,0,0,0,0,0,0,0.5,0,0,0,0,0,0,30,0,0,0,0,0,0,10,0,0,0,1,0,0,0,0,0,0,0,0,20,0,10
4.22,0,0,0,0,0,0,0,0,0,0,0,0,0,0.25,0,0,0,0,5,0,0,0,0,0.5,5,0,0,0,0,0,0,0,0.25,0,0,0,0,2.5,0,0,0,0,0,0,0,0,0,0,0,0,0,2,0,0,0,0,2,0,0,0,0,0,0,0,10,3,5
4.23,0,0,0,0,0,0,0,5,0,0,2,0,0,1,0,0,0,0,1,0,0,0,0,0.75,7.5,0,0.25,0,0,0,0,0,0,0,0,0,0,0,0,0,0,1,0,0,0,0,0,0,0,0,0,5,0,0,2.5,0,2.5,0.25,0,0.25,0,0,0,0,10,0,70
4.24,0,0,5,0,0,0,2.5,10,7,0,0,0,5,0,0,0,0,0,0,0,0,0,0,0,1,0,0,0,0,0,0,0,0.25,0,0,0,0,0.5,0,0,0,0.25,0,0,0,0,0,0,0,0,0,2.5,0,0,1,0,2.5,0,0,0,0,2,0,0,5,0,20
4.25,0,0,0,0,0,0,0,7.5,0,0,0.25,0,0,0.25,0,0,0,0,10,0,0,0,0,0,1,0,0,0,0,0,0,0,0,0,0,0,0,0,0,0,0,0,0,0,0,0,0,0,0,0,0,20,0,0,5,0,1,0,0,0,0,0.25,0,0,5,0,80
4.3,0,0,0,0,0,0,4,0,0,0,0,0,0,0.25,0,0,0,0,1,0,0,0,0,0,0,0,0,0,0,0,0,0,0,0,0,0,0,0,0,0,0,10,0,0,0,0,0,0,0,0,0,40,1,0,0,1,5,0,0,0,0,0,0,0,15,25,2.5
4.4,0,0,0,0,0,0,0,2,0,0,0,0,0,2.5,0,0,0,0,5,0,5,0,0,0,0,0,0.25,0,0,0,0,0,0,0,0,0,0,0.5,0,0,0,1,0,0,0,0,0,0,0,0,0,50,0,0,0,0,0,0,0,0,0,0,0,0,7.5,0.75,10
4.5,0,0,0,0,0,0,1,5,0,0,0,0,0,8.5,0,0,0.5,0,0,0,0,0,0,0,0,0,0.25,0,0,0,0,0,0.25,0,0,0,0,2.5,0,0,0,1,0,0,0,0,0,0,0,0,0,85,0,0,1,0,1,1,0,0,0,0,0,0,27.5,2,10
4.6,0,0,0,0,0,0,0.75,30,0,0,0.5,0,0,0,0,0,0,0,0,0,0,0,0,0,0,0,0,0,0,0,0,0,0,0,0,0,0,0,0,0,0,0.5,0,0,0,0,0,0,0,0,0,5,0,0,0,2,5,0.25,0,0,0,0,0,0,30,0,50
4.7,0,0,0,0,0,0,0,35,0,0,0,0,0,1,0,0,0,0,0,0,0,0,0,0,0,0,0.25,0,0,0,0,0,0,0,0,0,0,0,0,0,0,0,0,0,0,0,0,0,0,0,0,15,0,0,0.25,0,0,0,0,0,0,0,0,0,25,0,75
4.8,0,0,0,0,0,0,2.5,55,0,0,0,0,0,3,0,0,0,0,0,0,0,0,0,0,0,0,0,0,0,0,0,0,0,0,0,0,0,0,0,0,0,2,0,0,0,0,0,0,0,0,0,15,0,0,2,0,0,0,0,0,0,0,0,0,15,0,15
4.9,0,0,0,0,0,0,5,25,0,0,0,0,0,0,0,0,0,0,0,0,0,0,0,0,0,0,0,0,0,0,0,0,0,0,0,0,0,0,0,0,0,25,0,0,0,0,0,0,0,0,0,50,0,0,0,0,0,0,0,1,0,0,0,0,25,0,40
5.1,0,0,0,0,0,0,1,30,0,0,5,0,0,2.5,0,0,0,0,0,0,0,0,0,0,0,0,0,0,0,0,0,0,0,0,0,0,0,0,0,0,0,8,0,0,0,0,0,0,0,0,0,9.5,0,0,10,0,15,0,0,0,0,0,0,0,30,0,50
5.11,0,0,25,0,0,0,0,25,0,0,0,0,0,2.5,0,0,0,0,0,0,0,0,0,0,0,0,0,0,0,0,0,0,0,0,0,0,0,0,0,0,0,5,0,0,0,0,0,0,0,0,0,0,0,0,1,0,2,0,0,0,0,0,0,0,7,0,35
5.12,0,1,0,0,0,0,2.5,15,0,0,0,0,0,5,0,0,0,0,0,0,0,0,0,0,0,0,0,0,0,0,0,0,0,0,0,0,0,0,0,0,0,7,0,0,0,0,0,0,0,0,0,7,0,0,0.5,0,0,0,0,0,0,0,0,0,20,0,80
5.13,0,0,0,0,0,0,0,40,0,0,5,0,0,2,0,0,0,0,0,0,0,0,0,0,0,0,0,0,0,0,0,0,0,0,0,0,0,0,0,0,0,15,0,0,0,0,0,0,0,0,0,15,0,0,0,20,2.5,0,0,0,0,0,0,0,15,0,50
5.14,0,0,0,0,0,0,0,40,0,0,0,0,0,0,0,0,0.25,0,0,0,0,0,0,0,0,0,0,0,0,0,0,0,0,0,0,0,0,0,0,0,0,35,0,0,0,0,0,0,0,0,0,7,0,0,0,2,0,0,0,0,0,0,0,0,15,0,30
5.15,0,0,0,0,0,0,0,30,0,0,0,0,0,2.5,0,0,2.5,0,0,0,0,0,0,0,10,0,0,0,0,0.5,0,0,0,0,0,0,0,0,0,0,0,10,0,0,0,0,0,0,0,0,0,0.5,0,0,0,1,0,0,0,0,0,0,0,0,35,0,25
5.16,0,0,0,0,0,0,0,2.5,0,0,0,0,0,0.25,0,0,0,0,0,0,0,0,0,0,0,0,0,0,0,0,0,0,0,0,0,0,0,0,0,0,0,0.5,0,0,0,0,0,0,0,0,0,0,0,0,1,1,0,0,60,0,0,0,0,0,7.5,0,85
5.17,0,0,0,0,0,0,1,7.5,0,0,0.5,0,0,7.5,0,0,0,0,0,0,0,0,0,0,0,0,0,0,0,0,0,0,0,0,0,0,0,0,0,0,0,0,0,0,0,0,0,0,0,0,0,10,0,0,0,1,0,0,0.25,0,0,0,0,0,15,0,7.5
5.18,0,0,0,0,0,0,0,10,0,0,0,0,0,2,0,0,0,0,0,0,0,0,0,0,0,0,0,0,0,0,0,0,0,0,0,0,0,0,0,0,0,0.5,0,0,25,0,0,0,0,0,0,1,0,0,5,0,0.5,0,0,0,0,0,0,0,15,0,5
5.19,0,0,0,0,0,0,0,1,0,0,0.5,0,0,2,0,0,0,0,0,0,1,0,0,0,0,0,0,0,0,0,0,0,0,0,0,0,0,0,0,0,0,1,0,0,0,0,0,0,0,0,0,30,0,0,2,0,0,0.25,0,0,0,0,0,0,15,0,15
5.2,0,0,0,0,0,0,0,4,0,0,3.5,0,0,0,0,0,0,0,0,0,0,0,0,0,0,0,0,0,0,0,0,0,0,0,0,0,0,0,0,0,0,10.5,0,0,0,0,0,0,0,0,0,12.5,0,0,0,0,0,0,0,0,0,0,0,0,70,0,160
5.21,0,0,0,0,0,0,0,30,0,0,0.5,0,0,0,0,0,0,0,0,0,0,0,0,0,0.25,0,0,0,0,0,0,0,0,0,0,0,0,0,0,0,0,0,0,0,0,0,0,0,0,0,0,5,0,0,0,0,2.5,0,0,0,0,0,0,0,35,0,2.5
5.22,0,0,0,0,0,0,0,30,0,0,0,0,0,0,0,0,0,0,0,0,0,0,0,0,0,0,0,0,0,0,0,0,0,0,0,0,0,0,0,0,0,0,0,0,0,0,0,0,0,0,0,0,0,0,0,0.25,0,0,75,0,0,0,0,0,40,0,25
5.23,0,0,0,0,0,0,0,10,0,0,1,0,0,0,0,0,0,0,0,0,0,0,0,0,0,0,0,0,0,0,0,0,0,0,0,0,0,0,0,0,0,0,0,0,0,0,0,0,0,0,0,0,0,0,0,0,1,0,0,0,0,0,0,0,25,2.5,60
5.24,0,0,0,0,0,0,0.25,2.5,0,0,0.5,0,0,0.5,0,0,0,0,0,0,0,0,0,0,0,0,0,0,0,0,0,0,0,0,0,0,0,1,0,0,0,0,0,0,0,0,0,0,0,0,0,0,0,0,1,0,0,0,0,0,0,0,0,0,12.5,1,40
5.25,0,0,0,0,0,0,0,5,0,0,0,0,0,0.5,0,0,0.5,0,0,0,0,0,0,0,0,0,0,0,0,0,0,0,0.25,0,0,0,0,0.25,0,0,0,15,0,0,0,0,0,0,0,0,0,0.5,0,0,10,0,0,0,35,0,0,0,0,0,30,20,10
5.3,2,0,0,0,0,0,0.5,0.5,0,0,0,0,0,2.5,0,0,0,0,0,0,0.25,0,0,0,0,0,0,0,0,0,0,0,1,0,0,0,0,0,0,0,0,5,0,0,0,0,0,0,0,0,0,2.5,0.25,0,2,0,0,0,0,0,0,0,0,0,20,0,50
5.4,0,0,0,0,0,0,0,1,0,0,0,0,0,0.75,0,0,0,0,0,0,0,0,0,0,0,0,0,0,0,0,0,0,0,0,0,0,0,0,0,0,0,2.5,0,0,0,0,0,0,0,0,0,20,0,0,2.5,0.5,0,0,0,0.25,0,0,0,0,20,0,60
5.5,0,0,0,0,0,0,0,0,0,0,0,0,0,0,0,0,0,0,0,0,0,0,0,0,0,0,0,0,0,0,0,0,0,0,0,0,0,0,0,0,0,0,0,0,1,0,0,0,0,0,0,30,0,0,1,0,0,0,0,0,0,0,0,0,60,0.5,50
5.6,0,0,0,0,0,0,0,25,0,0,7,0,0,0,0,0,0,0,0,0,0,0,0,0,0,0,0,0,0,0,0,0,0,0,0,0,0,0,0,0,0,0,0,0,0,0,0,0,0,0,0,0,0,0,0,0.5,0,0,0,0,0,0,0,0,35,0,75
5.7,0,0,0,0,0,0,0,35,0,0,7,0,0,0,0,0,0,0,0,0,0,0,0,0,0,0,0,0,0,0,0,0,0,0,0,0,0,0,0,0,0,0,0,0,0,0,0,0,0,0,0,0,0,0,0,0,0,0,0,0,0,0,0,0,15,0,75
5.8,0.5,0,0,0,0,0,0,25,0,0,0,0,0,5,0,0,0,0,0,0,0,0,0,0,0,0,0,0,0,0,0,0,0,0,0,0,0,0,0,0,0,10,0,0,0,0,0,0,0,0,0,15,0,0,0,0,0,0,0,0,0,0,0,0,40,0,35
5.9,0,0,0,0,0,0,0,5,0,0,2.5,0,0,2,0,0,0,0,0,0,0,0,0,0,0,0,0,0,0,0,0,0,0,0,0,0,0,0,0,0,0,1,0,0,0,0,0,0,0,0,0,65,0,0,0,0,0,0,0,0,0,0,0,0,40,0,70
6.1,0,0,0,0,0,0,7.5,0,0,0,1,0,0,0,0,0,0,0,0,0,0,0,0,0,0,0,0,0,0,20,0,0,0,0,0,0,2.5,0,0,0,0,27.5,0,0,0,0,0,0,0,0,0,22.5,0,0,0,25,0,0,0,0,0,0,0,0,20,50,75
6.11,0,0,0,0,0,0,0,0,0,0,0,0,0,0,0,0,0,0,0,0,0,0,0,0,0,0,0,0,0,0,0,0,0,0,0,0,0,0,0,0,0,1,0.5,0,0,0,0,0,0,0,0,25,0,0,0,0.75,1,2.5,0,0,2.5,0,0,0,0,0,10
6.12,0,0,0,0,0,0,0,0,0,0,0,0,0,0,0,0,0,0,0,0,0,0,0,0,0,0,0,0,0,0,0,0,0,0,0,0,0,0,0,0,0,7.5,1.5,0,2.5,0,0,0,0,0,0,15,0,0,1,0.5,0,2.5,0,0,0.75,0,0,0,0,0,1
6.13,0,0,0,0,0,0,0,1,0,0,0,0,0,0,0,0,0,0,0,0,0,0,0,0,0,0,0,0,0,0,0,0,0,0,0,0,0,0,0,0,0,10,0,0,0,0,0,0,2.5,0,0,12.5,0,0,0,1,0,1,0,0,1,0,0,0,0,0,0.25
6.14,0,0.5,0,0,0,0,7.5,10,0,0,2,0,0,0,0,0,0,0,0,0,0,0,0,0,0,0,0,0,0,0,0,0,0,0,0,0,0,0,0,0,0,0,0,0,0,0,0,0,0,0,0,4,0,0,0,0,0,2.5,0,0,0,0,0,0,1,0,2.5
6.15,0,0,0,0,0,0,3,15,0,0,0.5,0,0,0,0,0,0,0,0,0,0,0,0,0,0,0,0,0,0,0,0,0,0,0,0,0,0,0,0,0,0,10,0,0,0,0,0,0,0,0,0,0.5,0,0,0,0,0,0,0,0,0,0,0,0,0,0,5
6.16,0,15,0,0,0,0,0,0,0,0,0,0,0,0.75,0,0,0,0,0,0,0,0,0.5,0,0,0,0.25,0,0,0,0,0,0,0,0,0,0,0,0,0,0,0,2.5,0,0,0,0,0,0,0,0,20,0,0,0,0.5,1,5,0,0,5,0,0,0,0,0,1
6.17,0,2.5,0,0,0,0,0,0.5,0,0,1,0,0,0,0.25,0,0,0,0,0,0,5,2.5,0,0,0,0,0,0,0,0,0,0,0,0,0,0,0,0,0,0,0,0,0,2.5,0,0,0,0,0,0,30,0,0,0,5,0,2.5,0,0,1,0,0,0,0,0,5
6.18,0,0,0,0,0,0,0,20,0,0,0,0,0,0,0,0,0,0,0,0,0,0,0,0,0,0,0.25,0,0,0,0,0,0,0,0.5,0,0,0,0,0,0,10,0,0,0,0,0,0,0,0,0,2.5,0,0,0,0.75,2.5,1,0,0,0,0,0,0,0,0,2.5
6.19,0,0,0,0,0,0,0,3,0,0,0,0,0,0,0,0,0,0,0,0,0,0,0,0,0,0,0,0,0,0,0,0,0,0,0,0,0,0,75,0,0,0,0,0,0,0,0,0,0,0,0,3,0,0,0,0,0,4,0,0,0,0,0,0,0,0,2
6.2,0,0,0,0,0,0,8.25,90,0,0,12.5,0,0,1,0,0,0,0,0,0,0,0,0,0,0,0,2.5,0,2.5,0,0,10,0,0,0,0,0,0,0,0,0,10,0,0,0,0,0,0,0,0,0,20,0,0,0,0,0,0.25,0,0,0,0,0,0,0,0,15
6.21,0,5,0,0,0,0,0,0,0,0,0,0,0,0.25,0,0,0,0,0,0,0,0,0,0,0,0,0.25,0,0,0,0,0,0.75,0,0,0,0,0,0,0,0,5,1,0,0,0,0,0,0,0,0,20,0,0,0,2.5,5,5,0,0,5,0,0,0,2.5,0,2.5
6.22,0,0,0,0,0,0,0,0,0,0,5,0,0,0,0,0,0,0,0,0,0,0,0,0,0,0,2.5,0,0,0,0,0,0,0,0,0,0,0,0,0,0,25,0,0,0,0,0,0,0,0,0,5,0,0,0,1,0,0,0,0,0,0,0,0,0,0,10
6.23,0,0,0,0,0,0,1,7.5,0,0,0,0,0,0.5,0,0,0,0,0,0,0,0,0,0,0,0,0,0,0,0,0,0,1.5,0,0,0,0,0,0,0,0,10,0,0,0,0,0,0,0,0,0,10,0,0,0.25,0.25,0,2.5,0,0,5,0,0,0,0,0,3
6.24,0,0,0,0,0,0,5,30,0,0,0,0,0,0,0,0,0,0,0,0,0,0,0,0,0,0,0,0,0,0,0,0,0,0,0,0,0,0,0,0,0,0.5,0,0,0,0,0,0,0,0,0,7.5,0,0,0,0.5,0,0,0,0,0,0,0,0,0,0,40
6.25,0,0,0,0,0,0,0,0,0,0,5,0,0,2.5,0,0,0,0,0,0,0,0,0,0,0,0,0,0,5,0,0,0,0,0,0,0,0,0,0,0,0,75,0,0,0,0,0,0,0,0,0,0,0,0,0,0,0,0,0,0,0,0,0,0,0,25,25
6.3,0,0,0,0,0,0,0,0,0,0,0,0,0,7.5,0,0,0,0,0,0,0,0,5,0,0,0,0,0,0,0,0,0,2.5,0,0,0,0,0,0,0,0,40,0,0,0,0,0,0,0,0,0,15,0,0,0,0,2.5,5,0,0,50,0,0,0,0,2.5,0
6.4,0,0,0,0,0,0,0,0,0,0,0,0,0,5,0,0,0,0,0,0,0,0,25,0,0,0,0,0,0,0,0,0.25,15,0,0,0,0,0,0,0,0,25,0,0,0,0,0,0,0,0,0,0,0,0,0,0,0,15,0,0,45,0,0,0,0,0,0
6.5,0,2.5,0,0,0,0,1,2.5,0,0,1.5,0,0,0,0,0,0,0,0,0,0,0,0,0,0,0,0,0,0,0,0,0,0,0,5,0,0,0,0,0,0,10,0,0,0,0,0,0,0,0,0,2.5,0,0,0,0,0,0,0,0,0,0,0,0,2,0,0
6.6,0,0,0,0,0,0,0,0,0,0,0,0,0,0,0,0,0,0,0,0,0,0,0,0,0,0,0.25,0,0,0,0,0,0.25,0,0,0,0,0,0,0,0,0.5,0,0,0,0,0,0,0,0,0,70,0,0,0,1,0,4,0,0,0.25,0,0,0,0,0,1
6.7,0,0,0,0,0,0,0,0,0,0,0,0,0,0,0,0,0,1,0,0,0,0,0,0,0,0,0,0,0,0,0,0,0.25,0,2.5,0,0,0,70,0,0,0.5,0,0,0,0,0,0,0,0,0,5,0,0,0,0.75,0,0,0,0,5,0,0,0,0,0,1.5
6.8,0,1,0,0,0,0,0,0,0,0,0,0,0,0,0,0,0,0,0,0,0,0,0,0,0,0,0,0,0,0,0,0,0,0,2.5,0,0,0,0,0,0,0.5,0,0,0,0,0,7.5,0,0,0,20,0,0,0,0.5,1,1,0,0,0,0,0,0,0,0,5
6.9,0,0,0,0,0,0,2.5,1,0,0,0,0,0,0,0,0,0,0,0,0,0,0,1,0,0,0,0,0,0,0,0,0,0.5,0,5,0,0,0,0,0,0,0.5,0,0,0,0,5,2.5,0,0,0,15,0,0,0,1.5,0,1,0,0,0,0,0,0,0,2.5,1
8.1,0,0,0,0,0,0,0,0,0,0,0,0,0,0,0,0,0,0,0,0,0,0,0,0.5,0,0,0,0,0,0,0,0,0,0,0.5,0,0,0,0,0,0,0.5,0,0,0,0,0,0,0,0,0,0,0,0,0,0,0,0,0,0.75,0,0,0,0,0,0,100
8.11,0,0,0,0,0,0,0,0,0,0,0,0,0,0,0,0,0,0,0,0,0,0,0.5,0,0,0,0,0,0,0,0,0,0.5,0,0,0,0,0,0,0,0,1,0,0,0,0,0,0,0,0,0,0,0,0,0,0,0,0,0,0,0,0,0,0,0,0,95
8.12,0.5,0,0,0,0,0,0,0,0,0,0,0,0,0,0,0,0,0,0,0,0,0,0,0,0,0,0,0,0,0,0,1,0,0,7.5,0,0,0,0,0,0,1,0,0,0,0,0,0,0,0,0,0,0,0,0.5,0,0,0,0,0.5,0,0,0,0,0,0,100
8.13,0,0,0,0,0,0,0,0,0,0,0,0,0,0,0,0,0,0,0,0,0,0,0,0.25,0,0,0,0,0,0,0,0,0,0,0,0,0,0,0,0,0,10,0.5,0,0,0,0,0,0,0,0,0,0,0,0,0,0,0,0,0,0,0,0,0,0,0,95
8.14,1,0,0,0,0,0,0,0,0,5,0,0,0,0,0,1,0,0,0,0,0,0,7.5,0,0,0.75,0,0,0,0,0,0,0,0,0,0,0,0,0,0,0,0,0,0,0,0,0,0,0,0,0,0,0,0,0,0,0,0,0,0,0,0,0,0,0,0,15
8.15,0,0,0,0,0,0,0,0,0,0,0,0,0,0,0,0,0,0,0,0,0,0,0,0,0,0,1,0,0,0,0,0,1,0,0,0,0,0,0,0,0,10,0.5,0,0,0,0,0,0,0,0,0,0,0,2.5,0,0,0,0,0,0,0,0,1,0,0,65
8.16,0,0,0,0,0,0,0,0,0,0,0,0,0,0.5,0,0,0,0,0,0,0,0,0,0.25,0,0,0,0,0,0,0,0.5,0,0,5,0,0,0,0,0,0,5,0.75,0,0,0.25,0,0,0,0,0,0,0,0,0,0,0,0,0,0,0,0,0,0,0,0,90
8.17,0,0,0,0,0,0,0,0,0,0,0,0,0,0.5,0,0,0,0,0,0,0,0,10,0,0,0,0,0,0,0,0,0,0.5,0,0,0,0,0,0,0,0,2.5,0,0,0,5,0,0,0,0,0,0,0,0,0,0,0,0,0,0,0,0,0,0,0,0,80
8.18,0,0,0,0,0,0,0,0,0,0,0,0,0,0,0,1,0,0,0,0,0,0,5,0,0,0,0,0,0,0,0,0,0,0,0,0,0,0,0,0,0,5,0,0,0,0,0,0,0,0,0,0,0,0,0,0,0,0,0,0,0,0,0,0,0,0,50
8.19,0,0,0,0,0,0,0,0,0,0,0,0,0,0,0,0,0,0,0,0,0,0,0,0,0,0,0,0,0,0,0,1,0.25,0,0,0,0,0,0,0,0,5,0,0,0,0,0,0,0,0,0,0,0,0,0,0,0,0,0,0,0,0,0,0,0,0,90
8.2,0,0,0,0,0,0,0,0,0,0,0,0,0,0,0,0,0,0,0,0,0,0,1,0.25,0,0,0.5,0,0,0.5,0,0.5,0.5,0,11,0,0,0,0,0,0,5.5,0,0,0,0,0,0,0,0,0,0,0,0,0.5,0,0,0,0,0.25,0,0,0,0,0,0,155
8.3,0,0,0,0,0,0,0,0,0,0,0,0,0,0,0,0,0,0,0,0,0,0,0,0,0,0,0.5,0,0,0,0,0,0,0,0,0,0,0,0,0,0,0.75,0,0,0,0,0,0,0,0,0,0,0,0,0,0,0,0,0,1,0,0,0,0,0,0,90
8.4,0,0,0,0,0,0,0,0,0,0,0,0,0,0,0,0,0,0,0,0,0,0,1,0.25,0,0,0.25,0,0,0,0,0,0,0,0,0,0,0,0,0,0,0.5,0.5,0,0,0,0,0,0,0,0,0,0,0,0,0,0,0,0,0,0,0,0,0,0,0,65
8.5,0,0,0,0,0,0,0,0,0,0,0,0,1,0,0,0,0,0,0,0,0,0,0,0.25,0,0,0,0,0,0,0,0,0.5,0,0,0,0,0,0,0,0,5,0,0,0,0,0,0,0,0,0,0,0,0,0,0,0,0,0,0,0,0,0,0,0,0,85
8.6,0,0,0,0,0,0,0,0,0,0,0,0,0,0,0,0,0,0,0,0,0,0,0,0,0,0,0,0,0,0,0,0,0.5,0,7.5,0,0,0,0,0,0,0,0.25,0,0,0,0,0,0,0,0,0,0,0,0,0,0,0,0,0.25,0,0,0,0,0,0,100
8.7,0,0,0,0,0,0,0,0,0,0,0,0,0,0,0,0,0,0,0,0,0,0,0,0,0,0,0,0,0,0,0,0,0.25,0,0.5,0,0,0,0,0,0,0.5,0,0,0,0,0,0,0,0,0,0,0,0,0.5,0,0,0,0,0,0,0,0,0,0,0,100
9.1,0,0,0,0,5,0,0,0,0,0,0,0,2.5,0,0,0,0,0,0,0,2.5,0,3.5,0,0,1,0,0,0,0,0,0.5,1,0,2.5,0,0,0,0,0,0,5,0,0,0,0,0,0,0,0,0,10,0,5,2.5,0,0,1,0,0,0,0,0,0,1,0,25
9.12,1,0.5,0,0,1,0,0,0,0,0,0,0,1,0,0,0,0,0.5,0,5,1,0,10,0,0,0,0,0,0,0,0,2.5,0,0,5,0,0,0,0,0,0,2.5,0,0,0,0,0,0,0,0,0,7.5,0,2.5,1,0,0,0,0,0,0,0,0,0,0,0,1
9.13,1,0,0,0,25,0,0,0,0,0,0,0,0,0.5,0,0,0,0,0,1,0,0,2.5,0,0,1,0,0,0,0,0,2.5,1,0,5,0,0,0,0,0,0,0.5,0,0,1,0,0,0,0,0,0,35,0,5,0.5,0,0,0,0,0,0,0,0,0,0,0,20
9.14,0,0,0,0,1,0.5,0,0,0,0,0,0,0,0,0,0,0,0,0,0,0,0,0,0,0,0,0,0,0,0,0,0.5,0,0,5,0,0,0,0,0,0,1,0,0,0,0,0,0,0,0,0,10,0,0,0,0,0,0,0,0,0,0,0,0,10,0,90
9.15,0,0,0,0,1,1,0,0,0,0,0,0,2.5,0,0,0,0,0,0,0,2.5,0,0,0,0,0,0,0,0,0,0,0.5,0,5,5,0,0,0,0,0,0,0,0,0,0,0,0,0,0,0,0,5,0,10,1,0,0,0,0,0,0,0,0,0,2.5,0,80
9.19,0,0,0,0.5,0,0,0,0,0,0,0,0,1,0,0,0,0,0,0,0,0.5,0,0.5,0,0,0,0,10,0,0,0,0.5,0,1,15,0,0,0,0,0,0,0,0,0,0,0,0,0,0,0,0,30,0,5,5,0,1,0,0,0,0,0,0,0,0,0,10
9.2,0,0,0,0,0,0,0,0,0,0,0,5,0,0,0,0,0,0,0,0,0,0,0,0,0,0,0,10,0,0,0,0,0,0,10,0,0,0,0,0,0,0,0,0,0,10,0,0,0,0,0,60,0,0,0,0,1,0,0,0,0,0,0,0,0,0,2.5
9.21,0,5,0,0,2.5,0,0,0,0.5,0,0.5,0,1,0.5,0,0,0,0,0,1,0,0,2.5,0.25,0,0.25,0,1,0,0,0,1,0,0,10,0,0,0,0,0,2.5,0,0,0,0,0,0,0,0,0,0,25,0,0,2.5,0.5,0.75,0,0,0,0,0,0,0,1,0,5
9.22,0.5,2.5,0,0,2.5,0,0,0,0,0,0,7.5,10,1,0,0,0,0,0,5,2.5,0,2.5,0,0,0.5,0,1,0,0,0,2.5,0,1,10,0,0,0,0,0,7.5,0,0,0,0,0,0,0,0,0,0,10,0,1,0,0,0,0,0,0,0,0,0,0,0,0,15
9.23,0,0.75,0,0.25,2.5,0,0,0,0,0,0,0,1,0.25,0,0,0,0,0,0,2.5,0,0,0,0,0.5,0,0,0,0,0,0,0,1,7.5,0,0,0,0,0,0,0.5,0,0,0,0,0,0,0,0,0,5,0,2.5,0,0,0,0,0,0,0,0,0,0,4,0,50
9.24,0,0.5,0,0,2.5,0,0,0,0.5,0,0,0,1,0.25,0,0,0,0,0,5,0,0.5,2.5,0,0,0.25,0,0,0,0,0,1,0,0.25,10,0,0,0,0,0,0,0.5,0,0,0.5,1,0,0,0,0,0,10,0,25,0,0,0,0,0,0,0,0,0,0,0,0,0.5
9.25,0,0,0,0,0,0,0,0,0,0,0,5,0,0,0,0,0,0,0,5,0,0,0,0,0,1,0,0,0,0,0,0,0,0.5,1,0,0,1,0,0,0,0,0,0,0,0,0,0,0,0,0,10,0,0,0,0,0,0,0,0,0,0,0,0,0,2.5,90
9.6,0,1,0,0,2.5,0,0,0,0,0,0,0,2.5,2.5,0,0,0,0.5,0,2.5,5,0,5,0,0,0.5,0,0,0,0,0,5,0,0,10,0,0,0,0,0,0,0,0,0,2.5,0,0,0,0,0,0,2.5,0,1,0.5,0,0,0,0,0,0,0,0,0,0,0,50
9.7,1,0,0,0,10,0,0,0,5,0,0,0,15,0,0,0,0,0,0,0,5,0,0,0,0,0,0,0,0,0,0,10,0,0,20,0,0,0,0,0,0,5,0,0,0,0,0,0,0,0,0,40,0,5,5,0,0,0,0,0,0,0,0,0,0,0,20
9.8,1,0,0,0,5,0,0,0,0,0,0,0,5,0,0,0,0,0,0,0,1,0,5,0,0,0,0,0,0,0,0,5,5,0,10,0,0,0,0,0,0,1,0,0,0,0,0,0,0,0,0,0.5,0,1,0.5,0,0,0,0,0,0,0,0,0,0,0,55
9.9,0,1,0,0,1,0,0,0,0,0,0,0,0,0,0,0,0,0,0,5,0,0,0,0,0,0,0,0,0,0,0,10,1,0.25,0.5,0,0,0,0,0,0,1,0,0,0,0,0,0,0,0,0,5,0,0,0.5,0,0,0.5,0,0,0,0,0,0,10,0,80
11.1,0,1,0.5,0,0,0,0,0,0,0,0,0,0,0.25,0,0,0,0,0,0,0.5,0.5,0,0,0,0,0,1,0,0,0,0,0,0.5,5,0.25,0,0,0,0,0,0.5,0,0,0,0,0,0,0,25,0,20,0,0,0,0.25,0,0,0.75,0,0.5,1,0,0,0,0,10
11.11,0,0,0,0,0,0,0,5,0,0,0,0,0,0,0,0,0,0,0,0,0,0,0,2,0,0,0,0,0,0,0,0,0,0,0,0,0,0,0,0,0,5,0,0,0,0,0,0,0,0,0,0,0,0,0.5,1,0,0,0,0,0,0,0,0,10,0,75
11.6,0,0,0,0,0,0,0,0.5,0,0,0,0,0,0,0,0,0,0,0,0,0,0,0,0,0,0,0,0,0,0,0,0,0,0,2.5,0,0,0,0,0,0,1,0,0,0,0,0,0,0,0,0,65,0,0,0,1,0,0,0,0,0,0,0,0,5,0,30
11.7,0,0,0.5,0,0,0,0,0,0,0,0,0,0,1,0,0,0,0,0,0,0,0,0,0.5,0,0,0,5,0,0,0,0,0,0,10,0,0,0,0,0,0,0,0,0,0,0,2.5,0,0,0,0,2.5,0,0,0,0,0,0,0,0,0,1,0,0,1,0,1
11.8,0.5,0.5,0,0,0,0,0,0.5,0,0,0,0,0,0.5,0,0,0,0,0,0,0.5,0,0,0.5,0,0,0,0,0,0,0,0.5,0,0,25,0,0,0,0,0,0,0,0,0,0,0,5,0,0,0,0,15,0,0,0.5,0,0,0.5,0,0,0,1,0,0,1,0,5
11.9,0,0,0,0,0,0,0,1,0,0,0,0,0,0.25,0,0,0,0,0,0,0,0,0,0,0,0,0,90,0,0,0,0,0,0,2.5,0,0,0,0,0,0,1,0,0,0,0,0,0,0,0,0,2.5,0,0,1,0,0,0,0,0,0,0,0,0,5,0,10
14.1,0,0,0,0,0,0,0,20,0,0,55,0,0,0,0,0,0,0,0,0,0,0,0,0,0,0,0,0,0,0,0,0,0,0,0,0,0,0,0,0,0,0,0,0,0,0,0,0,0,0,0,0,0,0,0,0,0,0,0,0,0,0,0,0,40,0,70
14.16,0,0,0,0,0,0,0,35,0,0,0,0,0,0,0,0,0,0,0,0,0,0,0,0,0,0,0,0,0,0,0,0,0,0,0,0,35,0,0,0,0,0,0,0,0,0,0,0,0,0,0,0,0,0,15,0,0,0,0,0,0,0,0,0,15,0,50
14.17,0,0,0,0,0,0,0,25,0,0,2,0,0,0,0,0,0,0,0,0,0,0,0,0,0,0,0,0,0,0,0,0,0,0,0,0,0,0,0,0,0,0.5,0,0,0,0,0,0,0,0,0,0,0,0,0,0,0,0,0,0,0,0,0,0,20,0,75
14.18,0,0,0,0,0,0,0,0,0,0,2,0,0,0,0,0,0,0,0,0,0,0,0,0,0,0,0,0,0,0,0,0,0,0,0,0,30,0,0,0,0,0.5,0,0,0,0,0,0,0,0,0,0,0,0,0,0,0,0,0,0,0,0,0,0,0.5,0,70
14.19,0,0,0,0,0,0,0,65,0,0,7.5,0,0,0,0,0,0,0,0,0,0,0,0,0,0,0,0,0,0,0,0,0,0,0,0,0,0,0,0,0,0,1,0,0,0,0,0,0,0,0,0,0,0,0,0,0,0,0,0,0,0,0,0,0,25,0,60
14.2,0,0,0,0,0,0,0,35,0,0,2.5,0,0,0,0,0,0,0,0,0,0,0,0,0,0,0,0,0,0,0,0,0,0,0,0,0,0,0,0,0,0,0,0,0,0,0,0,0,0,0,0,0,0,0,0,0,0,0,0,0,0,0,0,0,1,0,35
14.6,0,0,0,0,0,0,0,50,0,0,1,0,0,0,0,0,0,0,0,0,0,0,0,0,0,0,0,0,0,0,0,0,0,0,0,0,0,0,0,0,0,1,0,0,0,0,0,0,0,0,0,0,0,0,0,0,0,0,0,0,0,0,0,0,20,0,70
14.7,0,0,0,0,0,0,2.5,90,0,0,0,0,0,0,0,0,0,0,0,0,0,0,0,0,0,0,0,0,0,0,0,0,0,0,0,0,0,0,0,0,0,7.5,0,0,0,0,0,0,0,0,0,0,0,0,0,0,0,0,0,0,0,0,0,0,7,0,5
14.8,0,0,0,0,0,0,0,60,0,0,7.5,0,0,0,0,0,0,0,0,0,0,0,0,0,0,0,0,0,0,0,0,0,0,0,0,0,0,0,0,0,0,1,0,0,0,0,0,0,0,0,0,0,0,0,0,0,0,0,0,0,0,0,0,0,2,0,45
14.9,0,0,0,0,0,0,0,70,0,0,7.5,0,0,0,0,0,0,0,0,0,0,0,0,0,0,0,0,0,0,0,0,0,0,0,0,0,0,0,0,0,0,2.5,0,0,0,0,0,0,0,0,0,0,0,0,0,0,0,0,0,0,0,0,0,0,3,0,20
